{"cameraMode":{"drawMode":0,"name":"Shaded","section":"Shading Mode"},"sceneLighting":true,"audioPlay":false,"sceneViewState":{"m_AlwaysRefresh":false,"showFog":true,"showSkybox":true,"showFlares":true,"showImageEffects":true,"showParticleSystems":true,"showVisualEffectGraphs":true,"m_FxEnabled":true},"in2DMode":false,"pivot":{"x":0.9321523904800415,"y":3.1697230339050295,"z":0.8117006421089172},"rotation":{"x":0.13062609732151032,"y":-0.3164573311805725,"z":0.04413211718201637,"w":0.9386067390441895},"size":7.110352516174316,"orthographic":false}