{"cameraMode":{"drawMode":0,"name":"Shaded","section":"Shading Mode"},"sceneLighting":true,"audioPlay":false,"sceneViewState":{"m_AlwaysRefresh":false,"showFog":true,"showSkybox":true,"showFlares":true,"showImageEffects":true,"showParticleSystems":true,"showVisualEffectGraphs":true,"m_FxEnabled":true},"in2DMode":false,"pivot":{"x":1.045774221420288,"y":-48.04387283325195,"z":37.13006591796875},"rotation":{"x":-0.5424482226371765,"y":0.001726676942780614,"z":-0.0012091163080185652,"w":-0.8401592969894409},"size":55.414310455322269,"orthographic":false}