{"cameraMode":{"drawMode":0,"name":"Shaded","section":"Shading Mode"},"sceneLighting":true,"audioPlay":false,"sceneViewState":{"m_AlwaysRefresh":false,"showFog":true,"showSkybox":true,"showFlares":true,"showImageEffects":true,"showParticleSystems":true,"showVisualEffectGraphs":true,"m_FxEnabled":true},"in2DMode":false,"pivot":{"x":-2.263120412826538,"y":-45.29712677001953,"z":39.96818923950195},"rotation":{"x":-0.39968135952949526,"y":0.025271371006965638,"z":-0.011107368394732476,"w":-0.9163057208061218},"size":50.31425857543945,"orthographic":false}