{"cameraMode":{"drawMode":0,"name":"Shaded","section":"Shading Mode"},"sceneLighting":false,"audioPlay":false,"sceneViewState":{"m_AlwaysRefresh":false,"showFog":true,"showSkybox":false,"showFlares":true,"showImageEffects":true,"showParticleSystems":true,"showVisualEffectGraphs":true,"m_FxEnabled":true},"in2DMode":false,"pivot":{"x":0.07855026423931122,"y":1.9013967514038087,"z":0.19629056751728059},"rotation":{"x":0.06826550513505936,"y":-0.9064986705780029,"z":0.1610468626022339,"w":0.384439080953598},"size":1.683680772781372,"orthographic":false}