{"cameraMode":{"drawMode":0,"name":"Shaded","section":"Shading Mode"},"sceneLighting":false,"audioPlay":false,"sceneViewState":{"m_AlwaysRefresh":false,"showFog":true,"showSkybox":false,"showFlares":true,"showImageEffects":true,"showParticleSystems":true,"showVisualEffectGraphs":true,"m_FxEnabled":true},"in2DMode":false,"pivot":{"x":0.3098081946372986,"y":1.9186930656433106,"z":0.45657265186309817},"rotation":{"x":-0.021300602704286577,"y":-0.9548597931861877,"z":-0.06995784491300583,"w":0.2881525456905365},"size":1.048509955406189,"orthographic":false}